pattern,meaning,title,explanation,category,example_sentence,example_translation
～として（は）／～としても／～としての,"＜立場、資格、種類をはっきり言う。＞  Nói về lập trường, tư cách, chủng loại",N2 Grammar,[名]＋として,jlpt_grammar,彼は国費留学生として日本へ来た。, Anh ấy đã đến Nhật với tư cách là lưu học sinh ngân sách nhà nước
～について（は）／～につき／～についても／～についての,"話したり考えたりする内容を表す。  Về, liên quan đến… Biểu thị nội dung suy nghĩ, lời nói.",N2 Grammar,[名]＋について,jlpt_grammar,日本の経済について研究しています。,  Tôi đang nghiên cứu về kinh tế Nhật Bản.
～てならない,非常に～  （ある気持ちが自然に強くなってくる状態を表す。）  ~ một cách phi thường (Chỉ cảm xúc mạnh lên một cách tự nhiên),N2 Grammar,［動－て形］        ［い形－くて］        ［な形－て］      ＋ならない,jlpt_grammar,交通事故で両親を亡くした子供がかわいそうに思えてならない。  ,Không thể kìm lòng trước những đứa trẻ mất bố mẹ do tai nạn giao thông.
～にきまっている,"必ず～だ・当然～だと思う  Nghĩ ~ là nhất định, đương nhiên",N2 Grammar,［動・い形・な形・名］の普通形＋にきまっている  （ただし［名］と［な形］は［だ］がつかない。）,jlpt_grammar,ぜんぜん練習していないんだから、今度の試合は負(ま)けるにきまっている。,"  Vì chả luyện tập tí nào, trận đấu năm nay nhất định là thua."
～にすぎない,"ただ～だけだ・それ以上のものではない  Chỉ, không nhiều hơn ~",N2 Grammar,［動－普通形］        ［な形－である］                                                ［名 | 名－である］    ＋にすぎない,jlpt_grammar,私は警官としてしなければならないことをしたにすぎません。,  Tôi đã chỉ làm những việc cần làm với tư cách cảnh sát.
～に相違ない,"確かに～だろう・間違いなく～だと思う  Chắc đúng là ~, Nghĩ ~ là không sai được",N2 Grammar,［動・い形・な形・名］の普通形＋に相違ない （ただし［な形］と［名］の［だ］はつかない。）,jlpt_grammar,そんな非常識(ひじょうしき)な要求は認(みと)められないに相違ない。  ,Yêu cầu thiếu tri thiếu biết thế này đúng là không thể chấp nhận được.
～に違いない,確かに～と思う  Nghĩ chính xác là ~,N2 Grammar,［動・い形・な形・名］の普通形＋に違いない  （ただし［な形］と［名］の［だ］はつかない。）,jlpt_grammar,かぎがない。どこかに落(お)としたに違いない。,  Không có chìa khoá. Đúng là rơi đâu rồi.
～べき／～べきだ／～べきではない,"そうするのが人間として当然だ・～したほうがいい  Làm như thế là đương nhiên, nên làm ~",N2 Grammar,［動－辞書形］＋べき  （［するべき］は［すべき］も使われる。）,jlpt_grammar,書く前に,
～（より）ほか（は）ない／～ほかしかたがない,～する以外に方法がない  Chả có cách nào khác là ~,N2 Grammar,［動－辞書形］＋ほかない,jlpt_grammar,だれにも頼めないから、自分でやるほかはない。,"  Không nhờ ai được, không có cách nào ngoài tự làm cả."
～向きだ／～向きに／～向きの,"～にちょうどいい・～に適している  Vừa đẹp với ~, thích hợp với~",N2 Grammar,［名］＋向きだ,jlpt_grammar,このスキー場は初心者向きです。  ,Khu trượt tuyết này thích hợp với người mới tập.
～向けだ／～向けに／～向けの,～に適するように特に作った  Để thích hợp với ~ mà đã đặc biệt tạo ra.,N2 Grammar,［名］＋向けだ,jlpt_grammar,ここにある軽量のクリスマスカードは、みんな海外向けだ。  ,Lượng nhỏ thiếp giáng sinh ở đây là hướng tới mọi người ở hải ngoại.
～もの（です）か,決して～ない  （強い否定の意味 を表す。）  Quyết không ~ (Ý phủ định mạnh),N2 Grammar,名詞修飾型＋ものか  （ただし［名－の］は［名－な］になる。）,jlpt_grammar,あの人が人の忠告(ちゅうこく)なんか聞くものですか。  ,Người kia quyết không nghe lời khuyên của người khác.
～にとって（は）／～にとっても／～にとっての,"～の立場からみると  （後ろには判断や評価がくる。） Đối với… Nhìn từ lập trường của ~ (sau đó là phán đoán, bình phẩm)",N2 Grammar,[名]＋にとって,jlpt_grammar,この写真は私にとって、何よりも大切なものです。  ,Bức ảnh này đối với tôi là thứ quan trọng hơn tất cả (hơn bất cứ thứ gì).
～ものだ／～ものではない,"（感嘆・嘆息(たんそく)・心に深く感ずることを表す。）  Thể hiện cảm xúc mạnh, cảm thán, thở dài",N2 Grammar,［動・い形・な形］の名詞修飾型＋ものだ,jlpt_grammar,あんな大事故にあって、よく助かったものだ。,  Gặp tai nạn lớn thế mà được cứu sống hết.
～わけだ 接続   ［動・い形・な形］の名詞修飾型＋わけだ,（理由があるから、そうなるのは当然だと言いたい時に使う。 ）  Vì có lý do nên muốn nói như thế là đương nhiên.,N2 Grammar,,jlpt_grammar,暗いわけだ。蛍光灯(けいこうとう)が１本切れている。 , Tối là phải. Một bóng đèn huỳnh quang bị cháy.
～わけではない／～わけでもない,"特に～ではない・必ずしも～ではない  Không nhất thiết là ~, không phải là ~",N2 Grammar,［動・い形・な形］の名詞修飾型＋わけではない,jlpt_grammar,生活に困っているわけではないが、貯金する余裕(よゆう)はない。  ,Cuộc sống không phải là khó khăn nhưng cũng không có dư ra để dành.
～っけ,"（思い出そうとした、思い出したことを確認する時に使う。）  Đang nhớ ra, nhớ lại và muốn xác nhận lại",N2 Grammar,［動・い形・な形・名］の普通形＋っけ  （ただし［～でしたっけ］［～ましたっけ］も使う。）,jlpt_grammar,彼にはまだパーティーの場所を知らせていなかったっけ。,  Hình như tôi chưa báo cho anh ấy địa điểm liên hoan hay sao ấy.
～とか,～そうだ・～ということだ  （間接的情報を表す。）  Nghe nói là ~ (chỉ thông tin mang tính gián tiếp),N2 Grammar,［動・い形・な形・名］の普通形＋とか,jlpt_grammar,新聞によると、国内線の飛行機運賃が上がるとか。  ,Thấy báo nói giá cước vận chuyển hàng không tuyến nội địa tăng giá thì phải.
～どころではない／～どころではなく,"事情があって、～できない  Có lý do, chịu không thể ~ (strongly emphatic) too preoccupied or busy to even think of ~; ~ is out of the question",N2 Grammar,［動－辞書形］     ［名］      ＋どころではない,jlpt_grammar,人の仕事を手伝うどころではありません。自分の仕事も間に合わないんです。   ,Việc của người khác thì chịu không giúp được rồi. Việc của mình còn đang lỡ dở đây.
～からして 接続   ［名］＋からして,"（一つの例をあげて、ほかももちろんだがという気持ちを表す。）  Đưa ra một ví dụ, nghĩ là những cái khác là đương nhiên. Ngay cả ~",N2 Grammar,,jlpt_grammar,彼は礼儀を知らない。あいさつからして、きちんとしていない。  ,Anh ta chả biết lễ nghi gì cả. Đến chào hỏi còn chả thèm.
～からすると／～からすれば 接続   ［名］＋からすると,～の立場から見ると  Nhìn từ lập trường của ~,N2 Grammar,,jlpt_grammar,親からすると、子供はいくつになっても子供で、心配なものだ。  ,Với bố mẹ thì con cái có lớn thế nào thì vẫn lo lắng cho chúng.
～からには／～からは,"～のだから当然  As long as; Chừng nào ~ ; vì là ~, đương nhiên",N2 Grammar,［動・い形・な形・名］の普通形＋からには  （ただし［な形］と［名］は［である］を使う。）,jlpt_grammar,試合に出るからには、勝ちたい。  ,"Đã tham gia vào cuộc chơi, tất nhiên là muốn thắng."
～ことだから,"（皆が知っている理由を示す。後ろに推量の文がくる。）  Trình bày lý do mà mọi người đều biết, theo sau là câu suy luận.",N2 Grammar,［名－の］＋ことだから,jlpt_grammar,子供のことだから、少しぐらいいたずらをしても仕方がないです。  ,Vì là trẻ con nên có nghịch một tí cũng không có cách nào.
～に伴(ともな)って／～に伴い／～に伴う,"～にしたがって・～につれて  Cùng với, đi kèm....",N2 Grammar,[動－辞書形]      [名]       ＋に伴って,jlpt_grammar,人口が増えるに伴って、いろいろな問題が起こってきた。,"  Đi kèm với việc tăng dân số, nhiều vấn đề đa dạng nảy sinh."
～だけ／～だけあって／～だけに／～だけの,"～にふさわしく  （［～だけ］［～だけあって］［～だけに］［～だけの］が使われる。）                                          Phù hợp với, quả đúng là, đúng là….có khác",N2 Grammar,［動・い形・な形・名］の名詞修飾型＋だけ  （ただし［名－の］の［の］はつかない。）,jlpt_grammar,この仕事は努力しただけ成果が現れるので、やりがいがある。 ,Công việc này có thành quả thể hiện ra phù hợp với những nỗ lực bỏ ra nên tôi thấy rất có ý nghĩa.
～にあたって／～に当たり,"～の時に  （何かをすべき特別の機会や場合を示す。）  Trong khi…　(Dùng trong trường hợp, cơ hội đặc biệt)",N2 Grammar,［動－辞書形］     ［名］       ＋にあたって,jlpt_grammar,開会にあたって、ひとことごあいさつ申し上げます。  ,"Khai mạc hội nghị, tôi xin có một vài lời chào."
～にかけては／～にかけても,～について言えば  Nếu nói về…,N2 Grammar,［名］＋にかけては,jlpt_grammar,数学にかけては、彼女はクラスでいつも一番だった。,Nếu nói về số học thì cô ấy là giỏi nhất lớp.
～に際して／～に際し／～に際しての,"～を始める時に・～をしている時に  Khi bắt đầu…, Khi đang…",N2 Grammar,［動－辞書形］     ［名］       ＋に際して,jlpt_grammar,留学に際して、先生や友人から励ましの言葉をもらった。,"Khi đang du học, tôi đã nhận được nhiều lời động viên từ thầy cô và bè bạn."
～に先立って／～に先立ち／～に先立つ,～の前に・～より先に  Trước khi...,N2 Grammar,［名］＋に先立って,jlpt_grammar,映画の一般公開に先立って、主演女優のサイン会が開かれた。,"Trước khi công chiếu bộ phim, lễ ký tặng của nữ diễn viên chính đã được tổ chức."
～にしたら／～にすれば／～にしても,"～の立場で言うと  Nếu nói trên lập trường…, nhìn từ suy nghĩ của…, đối với…",N2 Grammar,［名］＋にしたら,jlpt_grammar,あの人にしたら、私たちの親切はかえって迷惑かもしれません。,"Nếu nhìn từ suy nghĩ của người đó, có thể sự tốt bụng của chúng ta ngược lại đem đến phiền phức."
～につき,～なので  Vì…,N2 Grammar,［名］＋につき,jlpt_grammar,雨天につき、試合は延期いたします。,Vì trời mưa nên trận đấu đã bị hoãn.
～につけ／～につけて（は）／～につけても,～するたびに  Mỗi lần làm…,N2 Grammar,［動－辞書形］＋につけ,jlpt_grammar,家族の写真を見るにつけ、会いたくてたまらなくなる。,Mỗi lần nhìn ảnh gia đình tôi lại muốn gặp mọi người không chịu nổi.
～のもとで／～のもとに,"～のしたで  （影響や条件の範囲内で、あることが行われることを表す。 ） Dưới…(Trong phạm vi ảnh hưởng, trong điều kiện…mà một việc được tiến hành)",N2 Grammar,［名］＋のもとで,jlpt_grammar,鈴木教授のご指導のもとで、卒業論文を完成させた。,"Dưới sự chỉ đạo của thầy Suzuki, tôi đã hoàn thành khóa luận tốt nghiệp."
～はともかく（として）,"～のことは考えないで・～は別にして  Tạm thời không nghĩ đến…, Tạm thời gác chuyện…sang một bên",N2 Grammar,［名］＋はともかく,jlpt_grammar,この洋服は、デザインはともかく、色がよくない。,"Bộ quần áo này, tạm thời không nói đến thiết kế, màu sắc đã không đẹp rồi."
～によって／～により／～による／～によっては 接続   [名]＋によって,"動作の主体（主に受身文で）を示す。  Nhờ vào, do, bởi ~  Chỉ chủ thể của hành động (chủ yếu trong câu bị động).",N2 Grammar,,jlpt_grammar,アメリカ大陸はコロンブスによって発見された。,Châu Mỹ do Columbus phát hiện ra.
～をきっかけに（して）／～をきっかけとして,"（偶然のできごとから何かが始まったり変わったりすることを表す。）  Biểu thị rằng từ một việc ngẫu nhiên mà có gì đó bắt đầu, thay đổi.",N2 Grammar,［名］＋をきっかけに,jlpt_grammar,留学をきっかけに、自分の国についていろいろ考えるようになった。,Từ việc đi du học mà tôi đã có nhiều suy nghĩ về đất nước của mình.
～を契機に（して）／～を契機として,（あるできごとから、前の流れがはっきり表れてきたり大きく変わったりすることを表す。）  Nhân cơ hội ~ (Chỉ một việc mà dòng chảy từ trạng thái trước biểu hiện rõ ràng và thay đổi lớn từ một sự kiện nhất định),N2 Grammar,［名］＋を契機に,jlpt_grammar,オイルショックを契機に新エネルギーの研究が進められた。,"Nhân thời cơ của cuộc khủng hoảng dầu lửa, các nghiên cứu về năng lượng mới đã được đẩy mạnh."
～を～として／～を～とする／～を～とした,～を～と決めて・～が～である  Lấy ~ làm ~,N2 Grammar,［名］＋を＋［名］として,jlpt_grammar,陳さんを先生として、中国語の勉強会を開いた。,Cử anh Trần làm thầy giáo và hội học tiếng Trung đã được mở.
～あげく（に）,～したその結果とうとう・～したけれども、結局       Sau ~ rốt cuộc là ...,N2 Grammar,［動－た形］        ［名－の］      ＋あげく,jlpt_grammar,さんざん迷(まよ)ったあげく、大学院には行かないことにした。,"Sau khi cứ lúng túng gay go mãi, rốt cuộc là đã không học lên tiếp cao học được."
～以上（は）,～からには  Chừng nào ~ ; đã là ~ thì,N2 Grammar,［動・い形・な形・名］の名詞修飾型＋以上  （ただし［名－の］の形は使わない。 ［名－である］を使う。［な形－である］も使う。）,jlpt_grammar,日本に住んでいる以上、日本の法律を守らなければならない。,Đã sống trên đất Nhật thì phải tuân thủ pháp luật Nhật Bản.
～上は,～からには  Chừng nào ~ ; đã là ~ thì,N2 Grammar,［動－辞書形 | た形］＋上は,jlpt_grammar,契約を結(むす)ぶ上は、条件を慎重に検討すべきである。,Khi ký kết hợp đồng thì cần phải kiểm thảo thận trọng các điều kiện.
～ことなく,～ないで  Không có ~,N2 Grammar,［動－辞書形］＋ことなく,jlpt_grammar,ロボットは 24時間休むことなく働いている。,Robot làm việc 24h mà không nghỉ
～際（は）／～際に,"～時・～場合  Thời gian, trường hợp",N2 Grammar,［動－辞書形 | た形］        ［名－の］         ＋際,jlpt_grammar,帰国の際、保証人の家にあいさつに行った。,Lúc về nước đã đi chào gia đình người bảo lãnh.
～つつ／～つつも 接続   ［動－ます形］＋つつ,"ながら  Đang, trong khi ~",N2 Grammar,,jlpt_grammar,財布の中身を考えつつ、買い物をした。,Vừa nghĩ đến ví vừa đi mua hàng.
～てからでないと／～てからでなければ,～た後でないと  （前に言ったことが実現してからでなければ、後ろで言うことが実現しない。）  Nếu không thực hiện cái nói đằng trước thì điều đằng sau cũng không thực hiện.,N2 Grammar,［動－て形］＋からでないと,jlpt_grammar,お金をいただいてからでないと、商品はお届けできません。,Nếu chưa nhận được tiền thì hàng cũng không giao được.
～によると／～によれば,"伝聞の根拠(こんきょ)を示す。  Theo, y theo ~. Chỉ căn cứ của tin đồn.",N2 Grammar,[名]＋によると,jlpt_grammar,今朝の新聞によると、来年度、二つの大学が新設されるそうだ。,"Theo báo ra sáng nay, sang năm, hai trường đại học mới sẽ được thành lập."
～といっても,～（だ）が・しかし  （実際はそれから考えられるものとは違う。）  Dù là ~ nhưng ~ (thực tế so với điều được nghĩ từ đó khác nhau),N2 Grammar,［動・い形・な形・名］の普通形＋といっても  （ただし［名］と［な形］の［だ］はつかない場合もある。）,jlpt_grammar,庭(にわ)があるといっても猫の額ほどです。,Nói là có vườn đấy nhưng mà bé tí (như cái đầu trán mèo).
～どころか,"（前に言ったことはもちろん、それよりもっと程度が激(はげ)しいという時や、実際はそうではなく、正反対であることを強調する時に使う。）  Dùng nhấn mạnh một sự phản đối trực diện, điều nói trước là hiển nhiên. Diễn đạt một vật, việc gì đó quá xa so với trạng thái mong đợi. Ý sau thể hiện cái điều khác xa so với ý trước.",N2 Grammar,［動・い形・な形・名］の普通形＋どころか  （ただし［な形］と［名］は［だ］がつかない。 ［な形－な］も使われる。）,jlpt_grammar,彼は貯金するどころか借金だらけだ。,"Anh ta mà có tiết kiệm à, nợ nần chồng chất kia kìa."
～としたら／～とすれば 接続   ［動・い形・な形・名］の普通形＋としたら,～なら  （仮定の表現。）  Nếu mà (giả định),N2 Grammar,,jlpt_grammar,留学するとしたら、日本に行きたいと思っていました。,"Nếu mà đi du học, tôi đã định đi Nhật."
～ないことには,～なければ  Nếu không ~,N2 Grammar,［動－ない形］        ［い形－く］        ［な形－で］        ［名－で］          ＋ないことには,jlpt_grammar,実際に読まないことには、この小説の面白さはわからないだろう。,Nếu mà chưa đọc thì không biết được độ hấp dẫn của tiểu thuyết này đâu.
～ながら,"けれども  Ấy thế mà, tuy nhiên ~",N2 Grammar,［動－ます形 | ない形－ない］        ［い形－い］        ［な形－O］        ［名］               ＋ながら,jlpt_grammar,一緒に暮(く)らしていながら、母の病気に気づかなかった。,Sống cùng một nhà vậy mà không nhận ra bệnh của mẹ.
～にしては,"そのことから当然予想されることと違って     Rather, somewhat, to a degree ~ So với điều được đương nhiên nghĩ đến từ đó thì khác",N2 Grammar,［動・い形・な形・名］の普通形＋にしては  （ただし［な形］と［名］は［だ］がつかない。）,jlpt_grammar,兄はアメリカに 20年いたにしては英語が下手だ。,Dù anh trai sống ở Mỹ đến 20 năm nhưng tiếng Anh thì dở ẹc.
～にしろ／～に（も）せよ／～にしても 接続   ［動・い形・な形・名］の普通形＋にしろ  （ただし［な形］と［名］の［だ］はつかない。 ［な形－である］［名－である］も使う。）,"たとえ～ても・～でも  Ngay cả nếu, tỉ như ~, vẫn ~",N2 Grammar,,jlpt_grammar,どんな人間にしろ長所はあるものだ。,Dù là người nào thì cũng có sở trường.
～にかかわらず／～に（は）かかわりなく,～に関係なく  Không liên quan đến~,N2 Grammar,［動－辞書形］＋［動－ない形－ない］        ［名］                  ＋にかかわらず,jlpt_grammar,参加するしないにかかわらず、必ず返事をください。,"Không tính là có tham gia hay không, nhất định hãy trả lời nhé."
～にもかかわらず,"～のに  Dù cho, dẫu cho ~",N2 Grammar,［動・い形・な形・名］の普通形＋にもかかわらず  （ただし［な形］と［名］は［だ］がつかない。［な形－である］［名－である］も使う。）,jlpt_grammar,彼は熱(ねつ)があるにもかかわらず、サッカーの試合に出場した。,Anh ta dù bị sốt nhưng vẫn ra sân thi đấu bóng đá.
～ぬきで（は）／～ぬきに（は）／～ぬきの／～をぬきにして（は）／～はぬきにして,～なしで・なしに  （～がない状態で・～を省(はぶ)いて）  Không có ~ (ở trạng thái không có ~ hoặc lược bớt ~),N2 Grammar,［名］＋ぬきで,jlpt_grammar,朝食ぬきで会社へ行くサラリーマンが多いらしい。,Có vẻ nhiều nhân viên công ty đi làm mà không ăn sáng.
～を中心に（して）／～を中心として,"～を真ん中にして・～を一番重要なものとして  Lấy ~ làm trung tâm, lấy ~ là thứ quan trọng nhất.",N2 Grammar,[名]＋を中心に,jlpt_grammar,駅を中心にたくさんの商店が集まっている。,Nhiều cửa hàng tập trung quanh ga.
～のみならず,"～だけでなく  Như, cũng như, và còn thêm ~ ; Không chỉ, mà còn~",N2 Grammar,［動・い形・な形・名］の普通形＋のみならず  （ただし［な形］と［名］は［だ］がつかない。［な形－である］［名－である］も使う。）,jlpt_grammar,このコンピューターは性能が優れているのみならず、操作も簡単だ。,Máy tính này không chỉ vượt trội về tính năng mà sử dụng còn dễ dàng.
～反面／～半面,"ある面では～と考えられるが、別の面から見ると  Mặt khác, mặt trái",N2 Grammar,［動・い形・な形・名］の名詞修飾型＋反面  （ただし［名］は［である］を使う。また［な形－である］も使う。）,jlpt_grammar,この薬はよくきく反面、副作用がある。,Thuốc này có tác dụng tốt nhưng mặt trái cũng gây tác dụng phụ.
～ものなら,"～なら  （実現が難しいことを希望する時、または、実現の可能性が少ないことを相手に冷たく言う時の言い方。）  If, in the event that, in the case of ~ . Nếu ~ (dùng khi hi vọng vào một điều khó thực hiện hoặc là ít khả năng thực hiện – cách nói lạnh lùng)",N2 Grammar,［動－辞書形］＋ものなら,jlpt_grammar,父の病気が治るものなら、どんな高価な薬でも手に入れたい。,Nếu bệnh tình của bố chữa được thì thuốc có đắt đến mấy tôi cũng mua.
～ものの,"けれども・～ということは本当だが、しかし  Though, despite, in spite of ~ Dù là ~ ; nói ~ là đương nhiên nhưng mà ~",N2 Grammar,［動・い形・な形］の名詞修飾型＋ものの,jlpt_grammar,免許はとったものの、車が買えない。,Dù là có bằng lái nhưng mà không mua được ô tô.
～わりに（は）,"～にふさわしくなく以外に Không phù hợp, không xứng với ~ Trong tỉ lệ, so với ~",N2 Grammar,［動・い形・な形・名］の名詞修飾型＋わりに,jlpt_grammar,私はたくさん食べるわりに太らない。,"Mặc dù tôi ăn rất nhiều, nhưng mà không bị tăng cân."
～（よ）うではないか／～（よ）うじゃないか,～しましょう・～しませんか  （強い呼びかけの表現。）  Hãy ~ (kêu gọi mạnh mẽ),N2 Grammar,［動－意向形］＋ではないか,jlpt_grammar,災害を受けた人々に救援物資を送ろうではないか。,Chúng ta hãy gửi đồ cứu viện đến cho những người bị thảm hoạ.
～得る／～得ない,～することができる | できない・～の可能性がある | ない  Có thể/không thể ~. Nói về tính khả thi,N2 Grammar,［動－ます形］＋得る,jlpt_grammar,考え得る限りの手は尽(つ)くしたが、問題の解決には至(いた)らなかった。,Đã hết sức trong giới hạn có thể suy nghĩ nhưng vẫn chưa đến được cách giải quyết vấn đề.
～かねない,～おそれがある・～かもしれない  （悪い結果になる可能性がある時に使う。）  Lo ngại là ~ ; Có lẽ ~,N2 Grammar,［動－ます形］＋かねない,jlpt_grammar,あんなにスピードを出したら、事故を起こしかねない。,"Tăng tốc đến mức này, tai nạn chứ chẳng chơi."
～かねる,"～しようとしてもできない・～することが難しい  Muốn làm ~ nhưng không thể, ~ là khó",N2 Grammar,［動－ます形］＋かねる,jlpt_grammar,そんな多額な寄付(きふ)には応じかねます。,Đóng góp nhiều tiền thế này thì chúng tôi khó lòng nhận lời được.
～ことか,"なんと～でしょう  （感嘆・嘆息を表す。）  Không biết thế nào đây ~ (cảm thán, thở dài)",N2 Grammar,［動・い形・な形］の名詞修飾型＋ことか,jlpt_grammar,息子から半年も連絡がない。一体何をしていることか。,"Con trai nửa năm rồi chả thấy liên lạc gì, không hiểu là đang làm cái gì đây."
～を問(と)わず／～は問わず,"～に関係なく・～に影響されないで  Không kể, bất kể. Không liên quan đến ~, không bị ảnh hưởng bởi ~",N2 Grammar,[名]＋を問わず,jlpt_grammar,留学生ならどなたでも国籍、年齢、性別を問わず申し込めます。,"Nếu là lưu học sinh, bất cứ ai, không kể quốc tịch, tuổi tác, giới tính đều có thể đăng ký."
～ことだ,（そのことが大切であると勧める時に使う。） Dùng khi khuyên người khác rằng việc đó là quan trọng,N2 Grammar,［動－辞書形 | ない形－ない］＋ことだ,jlpt_grammar,大学に入りたければ、一生懸命勉強することだ。,Nếu muốn vào đại học thì nên chăm chỉ học hành.
～ざるを得ない,"どうしても～なければいけない・～ないわけにはいかない  Dù thế nào, cũng phải…; Không thể không…",N2 Grammar,［動－ない形］＋ざるを得ない  （［する］は［せざるを得ない］となる。 ）,jlpt_grammar,みんなで決めた規則だから、守らざるを得ない。,Vì là nguyên tắc mọi người định ra nên không thể không tuân thủ.
～次第だ／～次第で（は）,"～わけだ  （経緯・理由を示して、～の結果になったと言いたい時の表現。）  Vì…(Chỉ nguồn căn, lý do; cách dùng khi muốn nói đã có kết quả là…)",N2 Grammar,［動・い形・な形］の名詞修飾型＋次第だ,jlpt_grammar,このたび日本政府の招きにより、親善大使として日本に来た次第です。,Lần này nhận lời mời của chính phủ Nhật Bản nên tôi đã đến Nhật với tư cách Đại sứ thiện chí.
～っこない,"決して～ない・絶対～ない  Nhất định không…, Tuyệt đối không…",N2 Grammar,［動－ます形］＋っこない,jlpt_grammar,宝(たから)くじなんて当たりっこないよ。,Tôi thì những thứ như xổ số là nhất định sẽ không bao giờ trúng.
～というものだ,（それが当たり前という話者の主張や感想を表す。 ）  Biểu thị cách nghĩ và cảm giác của người nói rằng việc đó là đương nhiên,N2 Grammar,［動・い形・な形・名］の普通形＋というものだ  （ただし［な形］と［名］は［だ］がつかない場合が多い。）,jlpt_grammar,彼の作品がやっと世間から評価された。長年の苦労が認められたというものだ。,Tác phẩm của anh ấy cuối cùng cũng được dư luận đánh giá cao. Đó chính là sự công nhận công sức lao động trong thời gian dài.
～というものではない／～というものでもない,～とは言いきれない  Không thể nói hết là…,N2 Grammar,［動・い形・な形・名］の普通形＋というものではない  （ただし［な形］と［名］の［だ］ はつかないこともある。）,jlpt_grammar,性格は絶対に変えられないというものではない。,Không thể nói rằng là tính cách tuyệt đối sẽ không thay đổi.
～ないことはない／～ないこともない,"～の可能性もある  Cũng có khả năng là…, không phải là không thể…",N2 Grammar,［動－ない形］        ［い形－く］        ［な形－で］        ［名］      ＋ないこともない,jlpt_grammar,難しいが、やり方次第ではできないことはないだろう。,Dù khó nhưng mà tùy theo cách làm cũng không phải là không thể làm được.
～ないではいられない／～ずにはいられない,"どうしても～してしまう  （どうしても我慢できず、自然にそうなってしまうと言いたい時の表現。）  Dù thế nào cũng đã làm… ( Dù thế nào cũng không thể chịu đựng, Dùng khi muốn nói tự nhiên mà thành như thế)",N2 Grammar,［動－ない形］＋ないではいられない  （ただし［する］は［せずにはいられない］となる。）,jlpt_grammar,彼のもの真似を見るとおかしくて、笑わないではいられない。,Nhìn cách anh ấy bắt chước các sự vật buồn cười quá nên tôi không thể nhịn được.
～に限る／～に限り／～に限って 接続   ［名］＋に限る,～だけ  （［～に限る］［～に限り］［～に限って］を使う。）  Giới hạn ở…,N2 Grammar,［動－辞書形 | ない形－ない］      ［名］               ＋に限る,jlpt_grammar,参加者は女性に限る。,Người tham gia chỉ giới hạn ở nữ.
～に限らず,"～だけではなく～も   Không chỉ…mà cũng…, Không những…mà còn…",N2 Grammar,［名］＋に限らず,jlpt_grammar,ディズニーランドは子供に限らず、大人にも人気がある。,Disneyland thì không những được trẻ con ưa thích mà cả người lớn nữa.
～をはじめ／～をはじめとする,一つの主(おもな)な例を出す言い方。  Cách nói đưa ra một ví dụ chính.,N2 Grammar,[名]＋をはじめ,jlpt_grammar,上野動物園にはパンダをはじめ、子供たちに人気がある動物がたくさんいます。,"Ở vườn thú Ueno, những động vật mà trẻ em yêu thích, như gấu trúc, có rất nhiều."
～にほかならない,"まさに～だ・それ以外でない  （強調。断定的に述べる時に使う。）  Chính là…, Không gì khác là…",N2 Grammar,［動・い形・な形・名］の普通形＋にほかならない  （ただし［な形］と［名］は［だ］がつかない。［な形－である］［名－である］も使う。理由を表す［から］にもつく。 ）,jlpt_grammar,この手紙は私の正直な気持ちを申し上げたにほかなりません。,Bức thư này không gì khác chính là nói lên tình cảm chân thành của tôi.
～もの,～から  （理由の説明や言いわけの表現。） Bởi vì…,N2 Grammar,［動・い形・な形・名］の普通形＋もの  （［です］［ます］に接続 する場合もある。 ）,jlpt_grammar,一人で行ける。うん、大丈夫、地図を持っているもの。,"Cậu có thể đi một mình chứ? Ừ, không sao đâu vì tớ có bản đồ mà."
～ものがある,"～という感じがある・～ように感じられる  Có cảm giác…, Có thể càm giác như là…",N2 Grammar,［動・い形・な形］の名詞修飾型の現在＋ものがある,jlpt_grammar,この絵には人を引きつけるものがある。,Tôi có cảm giác bức tranh này rất lôi cuốn người xem.
～ようがない／～ようもない,"～する方法がない・手段がなくて～できない  Không còn phương pháp nào, không còn cách nào, không thể",N2 Grammar,［動－ます形］＋ようがない,jlpt_grammar,木村さんは今どこにいるのかわからないので、連絡しようがない。,Tôi không biết anh Kimura giờ ở đâu nên không thể liên lạc được.
～をもとに／～を元にして,"～を判断の基準・材料などにして  Lấy ~ làm cơ sở, tài liệu cho phán đoán.",N2 Grammar,[名]＋をもとに,jlpt_grammar,ファンの人気投票(とうひょう)をもとに審査し、今年の歌のベストテンが決まります。,Bảng xếp hạng ca khúc top ten năm nay sẽ được quyết định dựa trên sự thẩm tra phiếu bình chọn của fan.
～上（に）,"～だけでなく・～に加えて  Không chỉ ~, thêm vào với ~",N2 Grammar,[動・い形・な形・名]の名詞修飾型＋うえ,jlpt_grammar,今年のインフルエンザは高熱が出る上、せきもひどい。,"Dịch cúm năm nay không chỉ có sốt cao, mà còn ho dữ dội nữa."
～とともに,～と一緒にCùng với...,N2 Grammar,[名]＋とともに,jlpt_grammar,お正月は家族とともに過ごしたい。,Tôi muốn ăn Tết cùng gia đình.
～うちに／～ないうちに 接続   [動－辞書形 | ない形－ない]     [い形－い]     [な形－な]     [名－の]              ＋うちに,その間に  （その状態が変わる前に何かをする。）  Trong lúc… (làm việc gì đó trước khi trạng thái đó thay đổi),N2 Grammar,,jlpt_grammar,日本にいるうちに、一度京都を訪(たず)ねたいと思っている。,"Trong lúc còn ở Nhật, tôi định sẽ đi thăm Kyoto một lần."
～おかげで／～おかげだ,"～ために  （それが原因で、いい結果になって感謝する気持ちを表す。） Nhờ, do có... ( Biểu thị lòng biết ơn vì nhớ nguyên nhân đó mà có kết quả tốt)",N2 Grammar,[動・い形・な形・名]の名詞修飾型＋おかげで,jlpt_grammar,科学技術が発達したおかげで、我々の生活は便利になった。,"Nhờ khoa học kỹ thuận phát triển, đời sống của chúng ta trở nên tiện lợi hơn."
～かわりに,～をしないで  （それをしないで、別のことをする。）  Thay vì không ~ (Không làm ~ mà làm một việc khác.,N2 Grammar,[動－辞書形]＋かわりに,jlpt_grammar,私立大学を一つ受けるかわりに、国立大学を三つ受けたい。,"Không đăng ký vào một trường tư nào, tôi muốn đăng ký 3 trường quốc lập."
～くらい／～ぐらい／～くらいだ／～ぐらいだ,（状態の程度を表す。）  Biểu thị mức độ trạng thái,N2 Grammar,[動－辞書形 | ない形－ない]      [い形－い]      [な形－な]      [名]                ＋くらい,jlpt_grammar,棚(だな)から物が落ちるくらい大きい地震があった。,Trận động đất mạnh đến mức các đồ vật bị rơi xuống từ trên giá.
～最中に／～最中だ,何かをしているちょうどその時に  Ngay trong lúc đang làm việc gì đó,N2 Grammar,[動-ている]     [名-の]       ＋最中に,jlpt_grammar,考えている最中に、話しかけられて困った。,"Đang nghĩ, cứ bị nói xen vào, đến khổ."
～次第,～したら、すぐ  （～が終わったらすぐ後のことをすることを表す。） Ngay khi ~. Chỉ việc làm ngay sau khi ~ kết thức.,N2 Grammar,[動-ます形]     [名]        ＋次第,jlpt_grammar,新しい住所が決まり次第、連絡します。,"Ngay sau khi quyết định được địa chỉ mới, chúng tôi sẽ liên lạc."
～せいだ／～せいで／～せいか,ために  （それが原因で悪い結果になったことを表す。） Tại vì ~ . (Do nguyên nhân đó mà có kết quả xấu),N2 Grammar,[動・い形・な形・名]の名詞修飾型＋せいだ,jlpt_grammar,私が失敗したのは、彼のせいだ。,Tôi thất bại là tại thằng ấy.
～たとたん（に）,～するとすぐに  Ngay sau ~,N2 Grammar,[動－た形]＋とたん,jlpt_grammar,犯人は警官の姿(すがた)を見たとたん、逃(に)げ出した。,"Ngay khi thấy bóng cảnh sát, tên phạm nhân đã chạy trốn."
～たび（に）,"～する時はいつも  Mỗi khi, mỗi dịp ~",N2 Grammar,[動－辞書形]     [名－の]     ＋たび,jlpt_grammar,その歌を歌うたび、幼(おさな)い日のことを思い出す。,"Mỗi lần nghe bài hát đó, tôi lại nhớ về những ngày thơ ấu."
～て以来,それから後ずっと  Suốt từ đó về sau…,N2 Grammar,[動－て形]＋以来,jlpt_grammar,日本に来て以来、日本に対する考え方が少しずつ変わってきた。,"Từ ngày đến nước Nhật, cách nghĩ của tôi về Nhật Bản cũng thay đổi dần dần từng chút một."
～において（は）／～においても／～における,"～で（場所・時間を示す。）  Ở; tại; trong; về việc; đối với -> Chỉ địa điểm, thời gian",N2 Grammar,[名]＋において,jlpt_grammar,会議は第一会議室において行われる。,Hội nghị được tổ chức ở phòng họp số 1.
～とおり（に）／～どおり（に）,～と同じに  Làm giống như ~,N2 Grammar,[動－辞書形 | た形]     [名－の]            ＋とおり     [名]              ＋どおり,jlpt_grammar,説明書に書いてあるとおりにやってみてください。,Hãy thử làm như được viết trong bản hướng dẫn.
～ところに／～ところへ／～ところを,"そういう時に | そういう場へ | そういう場面を  Đúng lúc, đúng địa điểm, đúng hoàn cảnh ấy…",N2 Grammar,[動－辞書形 | た形 | ている]     [い形－い]                ＋ところに,jlpt_grammar,ちょうど金さんのうわさをしているところに、本人がやって来た。,"Vừa lúc đang tán gẫu về anh Kim, thì anh ấy đã đến."
～ほど／～ほどだ／～ほどの,"～くらい  （程度を表す。）  Chừng, mức ~",N2 Grammar,[動－辞書形 | ない形－ない]      [い形－い]      [な形－な]      [名]                ＋ほど,jlpt_grammar,会場にはあふれるほど、ギターを持った若者が集まっていた。,Các thanh niên mang đàn ghi ta tụ tập đông đến mức tràn ngập cả hội trường.
～ばかりに,～だけのために  （それだけが原因で悪い結果になった残念な気持ちを表す。）  Chỉ vỉ ~ (Biểu thị tâm trạng tiếc vi chỉ tại nguyên nhân đó mà trở thành kết quả xấu),N2 Grammar,[動・い形・な形・名]の名詞修飾型＋ばかりに,jlpt_grammar,うそをついたばかりに恋人に嫌われてしまった。,Chỉ tại nói dối mà bị người yêu ghét/giận.
～ものだから,"～ので  （理由。言い訳の時よく使う。） Tại vì ~ (Hay dùng khi nói lý do, phân trần, biện bạch)",N2 Grammar,[動・い形・な形・名]の名詞修飾型＋ものだから,jlpt_grammar,事故で電車が遅れたものですから、遅くなってすみません。,"Do tai nạn nên tàu bị trễ, tôi xin lỗi vì đã đến muộn."
～ように／～ような,"（例を表す。）  Biểu thị ví dụ, như là ~",N2 Grammar,[動・名]の名詞修飾型＋ように,jlpt_grammar,ここに書いてあるように申込書に記入してください。,Hãy điền vào đơn đăng ký như viết ở mẫu này.
～一方だ,（その傾向(けいこう)がますます進むことを示す。）  Diễn tả việc xu hướng đó ngày càng tiếp diễn,N2 Grammar,[動－辞書形]＋一方だ,jlpt_grammar,最近、パソコン通信の利用者は増える一方だ。,Gần đây người dùng máy tính để trao đổi thông tin ngày càng tăng lên.
～おそれがある,"～する心配がある Có sự lo lắng là ~, e là ~",N2 Grammar,[動－辞書形]     [名－の]      ＋恐れがある,jlpt_grammar,早く手術しないと、手遅(ておく)れになる恐れがある。,"Nếu không phẫu thuật nhanh, e là muộn mất."
～ことになっている,"（予定・規則などを表す。 ） Biểu thị dự định, quy tắc…",N2 Grammar,[動－辞書形 | ない形－ない]     [い形－い]               ＋ことになっている,jlpt_grammar,今度の日曜日には、友達と会うことになっています。,Chủ Nhật tới tôi định gặp mặt bạn bè.
～ことはない,～する必要はない  Không cần phải làm ~,N2 Grammar,[動－辞書形]＋ことはない,jlpt_grammar,時間は十分あるから、急ぐことはない。,"Vẫn có đủ thời gian, không cần phải vội."
～に応じて／～に応じ／～に応じた,"～にしたがって・～に適している  Phụ thuộc vào, ứng với",N2 Grammar,[名]＋に応じて,jlpt_grammar,保険金は被害(ひがい)状況に応じて、払われる。,Tiền bảo hiểm sẽ được trả tuỳ theo tình trạng thiệt hại.
～しかない,～ほかに方法がない・～しなければならない  Không có cách nào khác ngoài ~ ; Cần phải làm ~,N2 Grammar,[動－辞書形]＋しかない,jlpt_grammar,事故で電車が動かないから、歩いて行くしかない。,"Do tai nạn nên tàu không chạy, chả có cách nào khác là đi bộ."
～ということだ 接続   [動・い形・な形・名]の普通形＋ということだ  （命令、意向、推量、禁止の形などにも接続 する。）,～ということを聞いた  （伝聞。聞いたことをそのまま引用する言い方。） Nghe thấy nói là ~ (cách nói dẫn dụng y nguyên điều nghe được),N2 Grammar,,jlpt_grammar,新聞によると、また地下鉄の運賃が値上げされるということだ。,"Theo báo nói, giá vé tàu điện ngầm lại bị tăng lên."
～まい／～まいか 接続   [動－辞書形]＋まい  （ただし、[動]II グループ、III グループは[ない形]にも接続 する。      [する]は[すまい]の形もある。 ）,～ないだろう  （否定の推量を表す。）  Có lẽ không phải ~ (Thể hiện suy đoán phủ định),N2 Grammar,,jlpt_grammar,あの民族紛争(ふんそう)は容易に解決するまいと思うが、平和的解決への努力が必要だ。,Tuy tôi nghĩ là cuộc phân tranh sắc tộc đó không dễ giải quyết nhưng những nỗ lực để giải quyết một cách hoà bình là cần thiết.
～わけがない／～わけはない,"～（の）はずがない  Không có nghĩa là ~, không chắc ~",N2 Grammar,[動・い形・な形・名]の名詞修飾型＋わけがない,jlpt_grammar,あんな下手な絵が売れるわけがない。,Bức tranh tệ thế không chắc đã bán được.
～わけにはいかない／～わけにもいかない,理由があって～できない。  Có lý do nên ~ không làm được,N2 Grammar,[動－辞書形]＋わけにはいかない,jlpt_grammar,絶対にほかの人に言わないと約束したので、話すわけにはいかない。,Vì đã hứa là tuyệt đối không nói với người khác nên không thể kể được.
～から～にかけて,"～から～までの間に  （時間・場所の大体の範囲を表す。）  Từ khoảng ~ đến ~ (chỉ chung phạm vi thời gian, địa điểm)",N2 Grammar,[名]＋から[名]＋にかけて,jlpt_grammar,昨夜から今朝にかけて雨が降りました。,Trời đã mưa từ đêm qua đến sáng nay.
～たとえ～ても／たとえ～でも,もし～ても  Ví dụ; nếu như; dù cho; ngay cả nếu; tỉ như ~ thì vẫn ~,N2 Grammar,たとえ＋[動－ても]         [い形－くても]         [な形－でも]         [名－でも],jlpt_grammar,自分で決めた道だから、たとえ失敗しても後悔(こうかい)しない。,Vì con đường đi do tôi tự quyết định nên nếu có thất bại thì cũng không hối tiếc.
～さえ～ば,"（それだけあれば | なければ、後ろの状態が成立する。）  Chỉ cần có ~ hay thành ~, trạng thái sau đó sẽ được thành lập.",N2 Grammar,[動－ます形]＋さえ＋すれば | しなければ     [い形－く]     [な形－で]    ＋さえ＋あれば | なければ     [名－で]            [動－ば]     [名]＋さえ＋    [い形－ければ]        [な形－なら]        [名－なら],jlpt_grammar,インスタントラーメンはお湯を入れさえすれば食べられる便利な食品だ。,"Mì ăn liền là thứ đồ ăn tiện lợi, chỉ cần cho nước nóng vào là ăn được."
～も～ば～も／～も～なら～も,"～も～し、～も  （前に述べたことの上に後のことを加える時の表現。プラスとプラス、またはマイナスとマイナスの言葉が使われる。）  Cũng ~ cũng ~ . (Mẫu câu dùng khi thêm một việc nữa vào những điều trình bày đằng trước, các từ ngữ tiêu cực + tiêu cực hoặc tích cực + tích cực được sử dụng)",N2 Grammar,[名]＋も＋  [動－ば]        ＋[名]＋も              [い形－ければ]              [な形－なら],jlpt_grammar,父はお酒も飲めばタバコも吸うので、健康が心配だ。,"Bố rượu cũng uống, thuốc cũng hút, vì thế nên sức khoẻ rất đáng lo."
～やら～やら,～や～など  Liệt kê,N2 Grammar,[動－辞書形]          [動－辞書形]      [い形－い]      ＋やら   [い形－い]       ＋やら      [名]             [名],jlpt_grammar,帰国前は飛行機を予約するやらおみやげを買うやらで忙しい。,"Trước khi về nước, tất bật với đặt vé máy bay, mua quà lưu niệm…"
～にかわって／～にかわり接続   [名]＋にかわって,今までの～ではなく（今までに使われていたものが別のものに変わることを表す。）  Bây giờ thì ~ không.... (Biểu thị việc thay đổi một thứ đã được sử dụng thành một thứ khác),N2 Grammar,,jlpt_grammar,ここでは、人間にかわってロボットが作業をしている。,"Ở đây, robot đang làm việc thay cho con người."
～だらけ,"～がたくさんある・～がたくさんついている  （汚(きたな)いもの、いやなものがたくさんあったり、表面についたりしていることを表す。）  ~ có đầy, được gắn đầy. Nói về những thứ bẩn, đáng ghét có đầy hoặc đang dính đầy.",N2 Grammar,[名]＋だらけ,jlpt_grammar,このレポートは字が間違いだらけで読みにくい。,"Bản báo cáo này đầy chữ đánh nhầm, đọc khó."
～っぽい,～のように感じる・～のように見える  Cảm thấy như là ~ ; Thấy như là ~,N2 Grammar,[い形－O]      [名]      ＋っぽい,jlpt_grammar,このテーブルは高いのに安っぽく見える。,Cái bàn này dù đắt nhưng nhìn rẻ tiền.
～がたい,～するのは難しい・なかなか～することができない  Khó làm ~ ; gần như không thể ~,N2 Grammar,[動－ます形]＋がたい,jlpt_grammar,彼女がそんなことをするは、信じがたい。,"Cô ấy đến việc đó mà cũng làm được, thật khó tin."
～がちだ／～がちの,～することが多い・～しやすい  Việc làm ~ là nhiều; ~ dễ làm; có chiều hướng ~,N2 Grammar,[動－ます形]     [名]        ＋がちだ,jlpt_grammar,雪が降ると、電車は遅れがちだ。,"Khi tuyết rơi, tàu thường hay trễ."
～気味,少し～の感じがある  Hơi có cảm giác là ~,N2 Grammar,[動－ます形]     [名]      ＋気味,jlpt_grammar,仕事が忙しくて、最近少し疲れ気味だ。,Vì công việc bận nên gần đây hơi thấy mệt.
～げ,～そう  （見てその人の気持ちが感じられる様子を表す。） Chỉ trạng thái cảm nhận được về tâm trạng của một người. Vẻ~,N2 Grammar,[い形－O]     [な形－O]    ＋げ,jlpt_grammar,彼女は悲しげな様子で話した。,Cô ấy đã nói chuyện với dáng vẻ buồn thảm.
～かけだ／～かけの／～かける,"～し始めて、まだ～終わっていない途中の状態を表す。  Chỉ trạng thái giữa chừng, mới bắt đầu ~, chưa kết thúc ~",N2 Grammar,[動－ます形]＋かけだ,jlpt_grammar,この仕事はやりかけですから、そのままにしておいてください。,Công việc này mới bắt đầu làm nên cứ để như thế.
～きる／～きれる／～きれない,"すっかり～する | 最後まで～できる | 最後まで～できない  Hoàn toàn, hết cả ~ / đến cuối cùng có thể, không thể ~",N2 Grammar,[動－ます形]＋きる,jlpt_grammar,木村さんは疲れきった顔をして帰って来た。,Anh Kimura với bộ mặt mệt phờ đã về.
～ぬく,最後まで頑張って～する・非常に～する  ~đến cùng. Cố gắng đến cuối cùng làm ~ / Làm ~ một cách phi thường.,N2 Grammar,[動－ます形]＋ぬく,jlpt_grammar,途中、失敗もありましたが、何とかこの仕事をやりぬくことができました。,"Giữa chừng tuy cũng có thất bại, nhưng dù thế nào thì công việc này đã được làm đến cùng."
～こそ／～からこそ,強調を表す。  Thể hiện ý nhấn mạnh,N2 Grammar,[名]＋こそ     [動・い形・な形・名]の普通形＋からこそ,jlpt_grammar,今度こそ試合に勝ちたい。,Muốn thắng trận trong chính năm nay.
～に比べて／～に比べ,～を基準にして程度の違いなどを言う。  So với.... ; Nói về mức độ khác nhau so với ~ lấy làm tiêu chuẩn.,N2 Grammar,[名]＋に比べて,jlpt_grammar,兄に比べて、弟はよく勉強する。,"So với anh trai, ông em học chăm hơn."
～さえ／～でさえ,"～も・～でも  （特に、ある極端(きょくたん)なものを例に出して、他のものも、[もちろん～]という時に使う。）  Lấy cái ví dụ cực đoan, đáo để để diễn đạt những thứ khác (ở mức độ thấp hơn) là đương nhiên.",N2 Grammar,[名]＋さえ,jlpt_grammar,そこは電気さえない山奥(やまおく)だ。,"Chỗ đó ở tít trong núi, đến điện cũng không có. (thì còn có Internet làm sao được )"
～など／～なんか／～なんて 接続   [名]＋など,"（例としてあげ、表現を軽く、やわらかくしたい時に使う。 ）  Dùng khi muốn nêu lên một ví dụ để muốn làm nhẹ, đánh giá thấp.",N2 Grammar,,jlpt_grammar,「この機械に詳(くわ)しい人はいませんか。」「彼など詳しいと思いますよ。 」,Có ai biết tường tận về cái máy này không? Tôi nghĩ như anh ấy là người biết rõ đấy.
～に関して（は）／～に関しても／～に関する,"～について（の）  Liên quan đến, về ~",N2 Grammar,[名]＋に関して,jlpt_grammar,計画変更に関しては、十分検討する必要がある。,Cần phải kiểm tra kỹ càng về việc thay đổi kế hoạch.
～に加えて／～に加え,～の上にさらに  Ngoài ra; thêm vào đó,N2 Grammar,[名]＋に加(くわ)えて,jlpt_grammar,電気代に加えて、ガス代までが値上がりした。,Giá điện rồi đến giá gas cũng tăng lên.
～に答えて／～にこたえ／～にこたえる／～にこたえた,"～に応じて  （ほかからのはたらきかけに応じる。 ）  Ứng với, đối với ~ (đáp ứng với tác động từ bên ngoài)",N2 Grammar,［名］＋にこたえて,jlpt_grammar,社員の要求にこたえて、労働時間を短縮(たんしゅく)した。,"Đáp ứng yêu cầu của nhân viên, thời gian làm việc đã được rút ngắn."
～に沿(そ)って／～に沿い／～に沿う／～に沿った,"～に従(したが)って・～のとおりに  Sở dĩ, vì vậy, do vậy, theo ~",N2 Grammar,［名］＋に沿って,jlpt_grammar,決まった方針に沿って、新しい計画を立てましょう。,"Theo phương châm đã quyết định, hãy lập kế hoạch mới."
～に反して／～に反し／～に反する／～に反した,～と反対に・～と逆に  Trái ngược với; tương phản với,N2 Grammar,［名］＋に反して,jlpt_grammar,神の意向に反して、人間は自然を破壊(はかい)している。,"Trái với ý hướng của thần linh, con người đang phá hoại tự nhiên."
～に基づいて／～に基づき／～に基づく／～に基づいた,"～を基礎にして・～を根拠にして  Lấy ~ làm cơ sở, căn cứ",N2 Grammar,［名］＋に基づいて,jlpt_grammar,調査した資料に基づいて、レポートを書かなければならない。,Cần phải viết báo cáo dựa trên các tư liệu đã điều tra.
～にわたって／～に渡り／～にわたる／～にわたった,"時間的、空間的にその範囲全体に広がっていることを表す。  Biểu thị sự trải rông trên phạm vi toàn thể mang tính thời gian, không gian.",N2 Grammar,［名］＋にわたって,jlpt_grammar,陳さんは病気のため、２か月に渡って学校を休んだ。,Anh Trần do bị bệnh nên đã nghỉ học trong suốt hai tháng.
～ばかりか／～ばかりでなく,"～だけでなく・その上  Không chỉ ~, ngoài ra còn…",N2 Grammar,［動・い形・な形・名］の名詞修飾型  （ただし［名－の］の［の］はつかない。 ）,jlpt_grammar,林さんのお宅でごちそうになったばかりか、おみやげまでいただいた。,"Ở nhà anh Hayashi, không chỉ được ăn ngon mà còn có cả quà mang về nữa."
～にしたがって／～にしたがい    従い／したがい,"～と一緒に  （一方の変化とともに他方も変わることを表す。 ） Cùng với ~ (Biểu thị việc cùng với sự thay đổi theo một hướng nào đó, một hướng khác cũng thay đổi)",N2 Grammar,[動－辞書形]     [名]        ＋にしたがって,jlpt_grammar,高く登るにしたがって、見晴(みは)らしがよくなった。,"Khi lên cao, tầm nhìn cũng rõ hơn."
～はもとより／～はもちろん,～は、言う必要がないくらい当然で  ~ thì đương nhiên đến mức không cần nói.,N2 Grammar,［名］＋はもとより,jlpt_grammar,私が生まれた村は、電車はもとより、バスも通(かよ)っていない。,"Ngôi làng mà tôi đã sinh ra thì xe điện là đương nhiên, xe bus cũng không lưu thông."
～もかまわず,～を気にしないで・～に気を使わず平気で  Không bận tâm đến ~ / dửng dưng không đếm xỉa đến ~,N2 Grammar,［名］＋もかまわず,jlpt_grammar,人の迷惑もかまわず、電車の中で携帯電話で話している人がいる。,"Không cần quan tâm đến việc làm phiền người khác, vẫn có người nói chuyện di động trong tàu điện."
～をこめて,"気持ちをその中に入れて  Gửi gắm tâm tư, tình cảm vào ~",N2 Grammar,［名］＋をこめて,jlpt_grammar,母は私のために心をこめて、セーターを編んでくれた。,"Gửi gắm tất cả tình cảm của mình, mẹ đã đan cho tôi chiếc áo len."
～を通じて／～を通して 接続   ［名］＋を通じて,"その期間始めから終わりまでずっと  Trong khoảng thời gian đó từ đầu đến cuối, liên tục.",N2 Grammar,,jlpt_grammar,あの地方は、１年を通じて雨が多い。,"Ở địa phương đó, trong suốt năm mưa nhiều."
～をめぐって／～をめぐる,"～を中心にそれに関係あることについて  Nói về quan hệ liên quan đến trung tâm là ~, quanh~",N2 Grammar,［名］＋をめぐって,jlpt_grammar,その法案の賛否をめぐって、活発な議論が交(か)わされた。,Vì tán thành hay phủ quyết dự luật đó mà những thảo luận sôi nổi đã được trao đổi.
～あまり,非常に～ので Vì ~ bất thường nên…,N2 Grammar,［動－辞書形 | た形］        ［な形－な］        ［名－の］          ＋あまり,jlpt_grammar,子供の将来を思うあまり、厳しすぎることを言ってしまった。,Chỉ vì nghĩ đến tương lai của con mà tôi đã lỡ nói lời quá nghiêm khắc.
～一方／～一方で（は）,"～のに対して  （対比を表す。）  Mặt khác, trái lại… (thể hiện sự so sánh)",N2 Grammar,［動・い形・な形・名］の名詞修飾型＋一方  （ただし［な形－である］［名－である］も使う。）,jlpt_grammar,私の仕事は夏は非常に忙しい一方、冬は暇になる。,"Công việc của tôi thì trái với mùa hè bận túi bụi, mùa đông lại nhàn hạ."
～上で（は）／～上の／～上でも／～上での,～してから  Xong ~ rồi…,N2 Grammar,［動－た形］       ［名－の］    ＋上で,jlpt_grammar,みんなの意見を聞いた上で決めました。,Nghe ý kiến của mọi người xong rồi quyết định.
～限り（は）／～かぎりでは／～ないかぎり（は）,"～する間は・～するうちは  （［～かぎり（は）］が使われる。 ）  Giới hạn, hạn chế, hạn trong ~",N2 Grammar,［動－辞書形］       ［い形－い］       ［な形－な］       ［名－の | である］    ＋かぎり,jlpt_grammar,日本にいるかぎり、丹さんは私に連絡してくれるはずだ。,"Chừng nào còn ở Nhật, anh Đan chắc chắn sẽ liên lạc với tôi."
～（か）と思うと／～（か）と思ったら,"～するとすぐ  Làm xong ~ ngay lập tức…, vừa thấy là ~ thì",N2 Grammar,［動－た形］＋（か）と思うと,jlpt_grammar,リーさんは［さようなら］と言ったかと思うと教室を飛び出していった。,Vừa thấy cô Li nói [Sayounara] xong đã chạy biến ra khỏi phòng học.
～につれて／～につれ,"～と一緒に  （一方の変化とともに他方も変わることを表す。 ）  Cùng với ~ (Biểu thị việc cùng với sự thay đổi theo một hướng nào đó, một hướng khác cũng thay đổi)",N2 Grammar,[動－辞書形]        [名]        ＋につれて,jlpt_grammar,品質がよくなるにつれて、値段が高くなる。,"Khi chất lượng tốt lên, giá cũng trở nên đắt."
～か～ないかのうちに,"～とほぼ同時に  （一つのことが終わったかどうかはっきりしないうちに、続いてすぐ次のことが起きる。）  Việc này chưa qua, việc khác đã xảy ra.",N2 Grammar,［動－辞書形 | た形］＋か＋［動－ない形］＋ないかのうちに,jlpt_grammar,ヘビースモーカーの彼は、タバコを１本吸い終わったか終わらないかのうちに、また次のタバコに火をつけた。,Người nghiện thuốc nặng như anh ấy thì điếu này còn cháy dở đã châm điếu khác.
～からいうと／～からいえば／～からいって,～の点で見ると  Nhìn từ quan điểm ~,N2 Grammar,［名］＋からいうと,jlpt_grammar,中国は人口からいうと世界一だが、人口密度は日本よりずっと低い。,"Trung Quốc nói về dân số thì đứng đầu thế giới, nhưng mật độ dân số thấp hơn Nhật nhiều."
～からといって,～だけの理由で  Chỉ vì lý do ~ ; tuy nhiên; tuy thế mà; không nhất thiết; chỉ vì; với lý do là,N2 Grammar,［動・い形・な形・名］の普通形＋からと言って,jlpt_grammar,お金があるからといって偉いわけではない。,Chì vì có tiền thì không có nghĩa là người giỏi giang.
～から見ると／～から見れば／～から見て（も）,"～から考えると  Nhìn từ ~ , xét theo ~",N2 Grammar,［名］＋から見ると,jlpt_grammar,子供の教育という点からみると、豊かすぎる生活は、必ずしもいいとは言えない。,"Nhìn từ quan điểm giáo dục trẻ em, chưa hẳn cuộc sống quá sung túc là tốt."
～きり（だ）,～だけ  Chỉ có ~,N2 Grammar,［動－辞書形 | た形］  ［名］             ＋きり,jlpt_grammar,彼女は、何を聞いても笑っているきりで、答えない。,"Cô ấy nghe gì cũng chỉ cười, chả đáp lại lời nào."
～くせに,"～のに・～にもかかわらず  （軽蔑(けいべつ)・非難する気持ちを表す。）  Dù; mặc dầu; lại còn; ngay cả ~ (Diễn tả tâm trạng khinh miệt, quở trách)",N2 Grammar,［動・い形・な形・名］の名詞修飾型＋くせに,jlpt_grammar,よく知らないくせに、あの人は何でも説明したがる。,"Dù là chả biết mấy, ông kia cái gì cũng muốn giải thích."
～ことから,ので  （その理由を述べて後ろの文の根拠を示す。）  Bởi vì ~ (Nói lí do là căn cứ cho câu sau),N2 Grammar,［動・い形・な形・名］の名詞修飾型＋ことから  （ただし［名－の］の形は使わない。 ［名 －である］を使う。［な形－である］も使う。）,jlpt_grammar,道がぬれていることから、昨夜、雨が降ったことがわかった。,Vì là đường ướt nên biết là đêm qua trời mưa.
～ことに（は）,"（話者の気持ち・感情を先に述べて強調する時に使う。）  Đặc biệt là; một cách đặc biệt; đặc biệt (Nhấn mạnh trước cảm tình, tâm trạng người nói)",N2 Grammar,［動－た形］        ［い形－い］        ［な形－な］      ＋ことに,jlpt_grammar,驚(おどろ)いたことに、私の祖父と恋人のおじいさんは小学校時代の友達だったそうだ。,"Ngạc nhiên quá cơ, nghe nói ông tôi và ông của người yêu lại là bạn hồi tiểu học."
～上（は）／～上も／～上の,～の視点から考えて  Xét từ quan điểm~,N2 Grammar,［名］＋上,jlpt_grammar,京都には歴史上有名なお寺が数多(かずおお)くある。,Kyoto xét về mặt lịch sử thì có rất nhiều chùa nổi tiếng.
～た末（に）／～た末の／～の末（に）,長い間～をしたあとで            Rất lâu sau khi ~,N2 Grammar,［動－た］        ［名］の        ＋末,jlpt_grammar,いろいろ考えた末(すえ)、会社を辞めることにした。,"Sau khi đã suy nghĩ rất nhiều, tôi đã nghỉ việc."
～に対して（は）／～に対し／～に対しても／～に対する,"～に  （対象・相手を示す。）  Về việc, đối với~ ; chỉ đối tượng, đối phương",N2 Grammar,[名]＋に対して,jlpt_grammar,"お客様に対して失礼なことを言ってはいけません。  Đối với khách hàng, cấm nói điều thất lễ. (3) いいことをした人に対し、表彰状(ひょうしょうじょう)が贈られる。  Với người làm việc tốt, sẽ được tặng giấy khen. (4) 陳さんは日本の経済だけではなく日本の文化に対しても、興味を持っている。  Anh Trần không chỉ có hứng thú với kinh thế Nhật Bản mà còn cả với văn hoá Nhật nữa. (5) 被害者に対する補償問題を検討する。",Chúng tôi xem xét vấn đề bồi thường với người bị hại.
～たところ,～たら  （あることをしたら、その結果がどうなったかを表す表現。）  Sau ~ (sau khi làm cái đó thì kết quả sẽ như thế nào đó),N2 Grammar,［動－た形］＋ところ,jlpt_grammar,新しいワープロを使ってみたところ、とても使いやすかった。,Thử dùng cái máy tính mới xong mới biết là nó dễ sử dụng thế.
～ついでに,"（あることをする時にその機械を利用してもう一つのこともすることを表す。）  Nhân tiện; tiện thể (Lúc làm việc gì đó, lợi dụng cơ hội đó làm một việc khác)",N2 Grammar,［動－辞書形 | た形］        ［名－の］          ＋ついでに,jlpt_grammar,銀行へ行くついでにこの手紙を出してくれませんか。,Tiện thể đến ngân hàng anh gửi cho em lá thư này được không ạ?
～というと／～といえば,（その話題に関係する代表的なものを取り上げる時に使う。）  Lấy lên một ví dụ làm đại diện liên quan đến chủ đề ~.,N2 Grammar,［名］＋というと,jlpt_grammar,スポーツの祭典というと、まずオリンピックですね。,Nói về ngày hội thể thao thì trước hết phải là Olympic nhỉ?
～といったら,"（感嘆(かんたん)・驚(おどろ)き・期待はずれの感情（プラス、マイナスの両方）を表す。）  Nói về cảm xúc thán phục, ngạc nhiên, ngoài mong đợi (cả tiêu cực và tích cực)",N2 Grammar,［名］＋といったら,jlpt_grammar,息子の部屋の汚(きたな)いことといったら、ひどいものです。,Về độ bẩn của phòng con giai tôi thì rất kinh khủng.
～というより,"（～だが、それよりむしろ～と言ったほうが適切だと言い直す時に使う。）  Là ~ , nhưng cái nói đằng sau mới là thích đáng hơn.",N2 Grammar,［動・い形・な形・名］の普通形＋というより  （ただし［な形］と［名］は［だ］がつかないことが多い。）,jlpt_grammar,彼の言い方は勧(すす)めているというより、強制しているようだ。,Cách nói của anh ta có vẻ là đang thuyết phục nhưng thực ra là đang cưỡng ép mọi người.
～ば～ほど,"（一方の程度が高くなると、もう一方の程度も高くなる。）  Càng ~ càng ~ . Mặt này có mức độ cao lên, thêm một mặt khác cũng có mức độ cao lên.",N2 Grammar,［動－ば］＋［動－辞書形］        ［い形－ければ］＋［い形－い］        ［な形－なら | であれば］＋［な形－な | である］      ＋ほど        ［名－なら | であれば］＋［名－である］,jlpt_grammar,練習すればするほど上手になります。,Càng luyện tập thì càng giỏi.
～ほど,"（一方の程度が変わると、一緒に他方の程度も変化する。）  Mặt này có mức độ thay đổi, cùng lúc một mặt khác cũng thay đổi mức độ.",N2 Grammar,［動－辞書形］        ［い形－い］        ［な形－な］      ［名］        ＋ほど,jlpt_grammar,相撲では、太っているほど有利だ。,Sumo thì càng béo càng có lợi.
～かのようだ／～かのような／～かのように,実際にはそうではないが、～のようだ  Thực tế thì không phải vậy nhưng có vẻ như là ~,N2 Grammar,［動・い形・な形・名］の普通形＋かのようだ  （ただし、［な形－だ］［名－だ］は［な形－である］［名－である］となるが、［である］がない場合もある。）,jlpt_grammar,激(はげ)しい雨と風は、まるで台風が来たかのようだ。,"Gió mưa dữ dội quá, như là bão về thật ấy."
～つつある,（だんだん）＋ている  Dần dần đang,N2 Grammar,［動－ます形］＋つつある,jlpt_grammar,景気は徐々(じょじょ)に回復しつつある。,Tình hình đang từ từ được khôi phục.
～てたまらない／～てしようがない,非常に～  （前に感情・感覚を表す言葉がきて、それを押(お)さえられない様子を表す。 ）  Không thể kìm nén được.,N2 Grammar,［動－て形］        ［い形－くて］        ［な形－で］        ＋たまらない,jlpt_grammar,頭痛(ずつう)がしてたまらないので、近くの病院に行った。,Do đau đầu không chịu được tôi đã phải đi bệnh viện gần nhà.
